{"polyfill":["/polyfill-8df07a92c23abc25bcb2.js"],"app":["/app-f1c988f3233651a79230.js"],"component---src-pages-404-js":["/component---src-pages-404-js-26f160816e8e265b3b8f.js"],"component---src-pages-a-propos-js":["/component---src-pages-a-propos-js-04ed98a8eb04ce702a1c.js"],"component---src-pages-contact-js":["/component---src-pages-contact-js-991a754d4330610255ce.js"],"component---src-pages-index-js":["/component---src-pages-index-js-708858aa54ca7e6bc841.js"],"component---src-pages-partenaires-js":["/component---src-pages-partenaires-js-12a92941a61648a07445.js"]}