{"polyfill":["/polyfill-5204fa10d5950c3006a4.js"],"app":["/app-88abf6a48f096ca0603a.js"],"component---src-pages-404-js":["/component---src-pages-404-js-d0bb054a129750269179.js"],"component---src-pages-a-propos-js":["/component---src-pages-a-propos-js-00576b8e3aac6878cac2.js"],"component---src-pages-contact-js":["/component---src-pages-contact-js-2a0e1eddb6a85bb9248f.js"],"component---src-pages-index-js":["/component---src-pages-index-js-6ffc542e41e783e067a1.js"],"component---src-pages-partenaires-js":["/component---src-pages-partenaires-js-a5904c525e6fc0fb7897.js"]}