{"errors":[],"warnings":[],"namedChunkGroups":{"polyfill":{"chunks":[4,12],"assets":["webpack-runtime-16b6aaca50df5715959a.js","webpack-runtime-16b6aaca50df5715959a.js.map","polyfill-8df07a92c23abc25bcb2.js","polyfill-8df07a92c23abc25bcb2.js.map"],"children":{},"childAssets":{}},"app":{"chunks":[4,3,11,5],"assets":["webpack-runtime-16b6aaca50df5715959a.js","webpack-runtime-16b6aaca50df5715959a.js.map","styles.f6de5777fb30f14e5f6d.css","styles-474c0340beb1ced255f1.js","styles-474c0340beb1ced255f1.js.map","framework-1bcdbcdd30f43763a25c.js","framework-1bcdbcdd30f43763a25c.js.map","app-f1c988f3233651a79230.js","app-f1c988f3233651a79230.js.map"],"children":{},"childAssets":{}},"component---src-pages-404-js":{"chunks":[6],"assets":["component---src-pages-404-js-26f160816e8e265b3b8f.js","component---src-pages-404-js-26f160816e8e265b3b8f.js.map"],"children":{},"childAssets":{}},"component---src-pages-a-propos-js":{"chunks":[0,1,2,7],"assets":["05d954cf-23accc67c92a351447eb.js","05d954cf-23accc67c92a351447eb.js.map","d831bf2662960d29ac3eb48d2598cfd26ba2e408-f1798462cdad1fb122f2.js","d831bf2662960d29ac3eb48d2598cfd26ba2e408-f1798462cdad1fb122f2.js.map","5a6d555ea184e017023b267bd0e803998b3ac5b8-6d8e01e4b616f8e05cc3.js","5a6d555ea184e017023b267bd0e803998b3ac5b8-6d8e01e4b616f8e05cc3.js.map","component---src-pages-a-propos-js-04ed98a8eb04ce702a1c.js","component---src-pages-a-propos-js-04ed98a8eb04ce702a1c.js.map"],"children":{},"childAssets":{}},"component---src-pages-contact-js":{"chunks":[0,1,8],"assets":["05d954cf-23accc67c92a351447eb.js","05d954cf-23accc67c92a351447eb.js.map","d831bf2662960d29ac3eb48d2598cfd26ba2e408-f1798462cdad1fb122f2.js","d831bf2662960d29ac3eb48d2598cfd26ba2e408-f1798462cdad1fb122f2.js.map","component---src-pages-contact-js-991a754d4330610255ce.js","component---src-pages-contact-js-991a754d4330610255ce.js.map"],"children":{},"childAssets":{}},"component---src-pages-index-js":{"chunks":[3,0,1,2,9],"assets":["styles.f6de5777fb30f14e5f6d.css","styles-474c0340beb1ced255f1.js","styles-474c0340beb1ced255f1.js.map","05d954cf-23accc67c92a351447eb.js","05d954cf-23accc67c92a351447eb.js.map","d831bf2662960d29ac3eb48d2598cfd26ba2e408-f1798462cdad1fb122f2.js","d831bf2662960d29ac3eb48d2598cfd26ba2e408-f1798462cdad1fb122f2.js.map","5a6d555ea184e017023b267bd0e803998b3ac5b8-6d8e01e4b616f8e05cc3.js","5a6d555ea184e017023b267bd0e803998b3ac5b8-6d8e01e4b616f8e05cc3.js.map","component---src-pages-index-js-708858aa54ca7e6bc841.js","component---src-pages-index-js-708858aa54ca7e6bc841.js.map"],"children":{},"childAssets":{}},"component---src-pages-partenaires-js":{"chunks":[0,1,10],"assets":["05d954cf-23accc67c92a351447eb.js","05d954cf-23accc67c92a351447eb.js.map","d831bf2662960d29ac3eb48d2598cfd26ba2e408-f1798462cdad1fb122f2.js","d831bf2662960d29ac3eb48d2598cfd26ba2e408-f1798462cdad1fb122f2.js.map","component---src-pages-partenaires-js-12a92941a61648a07445.js","component---src-pages-partenaires-js-12a92941a61648a07445.js.map"],"children":{},"childAssets":{}}},"assetsByChunkName":{"polyfill":["webpack-runtime-16b6aaca50df5715959a.js","polyfill-8df07a92c23abc25bcb2.js"],"app":["webpack-runtime-16b6aaca50df5715959a.js","styles.f6de5777fb30f14e5f6d.css","styles-474c0340beb1ced255f1.js","framework-1bcdbcdd30f43763a25c.js","app-f1c988f3233651a79230.js"],"component---src-pages-404-js":["component---src-pages-404-js-26f160816e8e265b3b8f.js"],"component---src-pages-a-propos-js":["05d954cf-23accc67c92a351447eb.js","d831bf2662960d29ac3eb48d2598cfd26ba2e408-f1798462cdad1fb122f2.js","5a6d555ea184e017023b267bd0e803998b3ac5b8-6d8e01e4b616f8e05cc3.js","component---src-pages-a-propos-js-04ed98a8eb04ce702a1c.js"],"component---src-pages-contact-js":["05d954cf-23accc67c92a351447eb.js","d831bf2662960d29ac3eb48d2598cfd26ba2e408-f1798462cdad1fb122f2.js","component---src-pages-contact-js-991a754d4330610255ce.js"],"component---src-pages-index-js":["styles.f6de5777fb30f14e5f6d.css","styles-474c0340beb1ced255f1.js","05d954cf-23accc67c92a351447eb.js","d831bf2662960d29ac3eb48d2598cfd26ba2e408-f1798462cdad1fb122f2.js","5a6d555ea184e017023b267bd0e803998b3ac5b8-6d8e01e4b616f8e05cc3.js","component---src-pages-index-js-708858aa54ca7e6bc841.js"],"component---src-pages-partenaires-js":["05d954cf-23accc67c92a351447eb.js","d831bf2662960d29ac3eb48d2598cfd26ba2e408-f1798462cdad1fb122f2.js","component---src-pages-partenaires-js-12a92941a61648a07445.js"]}}