{"errors":[],"warnings":[],"namedChunkGroups":{"polyfill":{"chunks":[3,12],"assets":["webpack-runtime-6623d1aee84e60dd5c8e.js","webpack-runtime-6623d1aee84e60dd5c8e.js.map","polyfill-5204fa10d5950c3006a4.js","polyfill-5204fa10d5950c3006a4.js.map"],"children":{},"childAssets":{}},"app":{"chunks":[3,2,11,4,5],"assets":["webpack-runtime-6623d1aee84e60dd5c8e.js","webpack-runtime-6623d1aee84e60dd5c8e.js.map","styles.f6de5777fb30f14e5f6d.css","styles-7d4153d260c0197f0043.js","styles-7d4153d260c0197f0043.js.map","framework-1bcdbcdd30f43763a25c.js","framework-1bcdbcdd30f43763a25c.js.map","05d954cf-7b44c0f297b20b912564.js","05d954cf-7b44c0f297b20b912564.js.map","app-88abf6a48f096ca0603a.js","app-88abf6a48f096ca0603a.js.map"],"children":{},"childAssets":{}},"component---src-pages-404-js":{"chunks":[0,6],"assets":["2fc2269deaa0ab1caecd8e698cc74899f1c86c90-fb3f736663be5a5a89e4.js","2fc2269deaa0ab1caecd8e698cc74899f1c86c90-fb3f736663be5a5a89e4.js.map","component---src-pages-404-js-d0bb054a129750269179.js","component---src-pages-404-js-d0bb054a129750269179.js.map"],"children":{},"childAssets":{}},"component---src-pages-a-propos-js":{"chunks":[0,1,7],"assets":["2fc2269deaa0ab1caecd8e698cc74899f1c86c90-fb3f736663be5a5a89e4.js","2fc2269deaa0ab1caecd8e698cc74899f1c86c90-fb3f736663be5a5a89e4.js.map","5a6d555ea184e017023b267bd0e803998b3ac5b8-9384398c4a6962b0e2f3.js","5a6d555ea184e017023b267bd0e803998b3ac5b8-9384398c4a6962b0e2f3.js.map","component---src-pages-a-propos-js-00576b8e3aac6878cac2.js","component---src-pages-a-propos-js-00576b8e3aac6878cac2.js.map"],"children":{},"childAssets":{}},"component---src-pages-contact-js":{"chunks":[0,8],"assets":["2fc2269deaa0ab1caecd8e698cc74899f1c86c90-fb3f736663be5a5a89e4.js","2fc2269deaa0ab1caecd8e698cc74899f1c86c90-fb3f736663be5a5a89e4.js.map","component---src-pages-contact-js-2a0e1eddb6a85bb9248f.js","component---src-pages-contact-js-2a0e1eddb6a85bb9248f.js.map"],"children":{},"childAssets":{}},"component---src-pages-index-js":{"chunks":[2,0,1,9],"assets":["styles.f6de5777fb30f14e5f6d.css","styles-7d4153d260c0197f0043.js","styles-7d4153d260c0197f0043.js.map","2fc2269deaa0ab1caecd8e698cc74899f1c86c90-fb3f736663be5a5a89e4.js","2fc2269deaa0ab1caecd8e698cc74899f1c86c90-fb3f736663be5a5a89e4.js.map","5a6d555ea184e017023b267bd0e803998b3ac5b8-9384398c4a6962b0e2f3.js","5a6d555ea184e017023b267bd0e803998b3ac5b8-9384398c4a6962b0e2f3.js.map","component---src-pages-index-js-6ffc542e41e783e067a1.js","component---src-pages-index-js-6ffc542e41e783e067a1.js.map"],"children":{},"childAssets":{}},"component---src-pages-partenaires-js":{"chunks":[10],"assets":["component---src-pages-partenaires-js-a5904c525e6fc0fb7897.js","component---src-pages-partenaires-js-a5904c525e6fc0fb7897.js.map"],"children":{},"childAssets":{}}},"assetsByChunkName":{"polyfill":["webpack-runtime-6623d1aee84e60dd5c8e.js","polyfill-5204fa10d5950c3006a4.js"],"app":["webpack-runtime-6623d1aee84e60dd5c8e.js","styles.f6de5777fb30f14e5f6d.css","styles-7d4153d260c0197f0043.js","framework-1bcdbcdd30f43763a25c.js","05d954cf-7b44c0f297b20b912564.js","app-88abf6a48f096ca0603a.js"],"component---src-pages-404-js":["2fc2269deaa0ab1caecd8e698cc74899f1c86c90-fb3f736663be5a5a89e4.js","component---src-pages-404-js-d0bb054a129750269179.js"],"component---src-pages-a-propos-js":["2fc2269deaa0ab1caecd8e698cc74899f1c86c90-fb3f736663be5a5a89e4.js","5a6d555ea184e017023b267bd0e803998b3ac5b8-9384398c4a6962b0e2f3.js","component---src-pages-a-propos-js-00576b8e3aac6878cac2.js"],"component---src-pages-contact-js":["2fc2269deaa0ab1caecd8e698cc74899f1c86c90-fb3f736663be5a5a89e4.js","component---src-pages-contact-js-2a0e1eddb6a85bb9248f.js"],"component---src-pages-index-js":["styles.f6de5777fb30f14e5f6d.css","styles-7d4153d260c0197f0043.js","2fc2269deaa0ab1caecd8e698cc74899f1c86c90-fb3f736663be5a5a89e4.js","5a6d555ea184e017023b267bd0e803998b3ac5b8-9384398c4a6962b0e2f3.js","component---src-pages-index-js-6ffc542e41e783e067a1.js"],"component---src-pages-partenaires-js":["component---src-pages-partenaires-js-a5904c525e6fc0fb7897.js"]}}